<linker>
  <assembly fullname="UnityEngine.CoreModule, Version=0.0.0.0, Culture=neutral, PublicKeyToken=null">
    <type fullname="UnityEngine.GameObject" preserve="all" />
    <type fullname="UnityEngine.Transform" preserve="all" />
    <type fullname="UnityEngine.Material" preserve="all" />
    <type fullname="UnityEngine.MeshRenderer" preserve="all" />
    <type fullname="UnityEngine.Texture2D" preserve="all" />
    <type fullname="UnityEngine.MeshFilter" preserve="all" />
    <type fullname="UnityEngine.Mesh" preserve="all" />
    <type fullname="UnityEngine.Shader" preserve="all" />
    <type fullname="UnityEngine.ComputeShader" preserve="all" />
  </assembly>
  <assembly fullname="UnityEngine.AudioModule, Version=0.0.0.0, Culture=neutral, PublicKeyToken=null">
    <type fullname="UnityEngine.AudioSource" preserve="all" />
    <type fullname="UnityEngine.AudioClip" preserve="all" />
  </assembly>
  <assembly fullname="Assembly-CSharp, Version=0.0.0.0, Culture=neutral, PublicKeyToken=null">
    <type fullname="GunComponentAuthoring" preserve="all" />
    <type fullname="PlayerAuthoring" preserve="all" />
    <type fullname="PistolAuthoring" preserve="all" />
    <type fullname="ShotgunBulletAuthoring" preserve="all" />
    <type fullname="DashComponentAuthoring" preserve="all" />
    <type fullname="ShotgunAuthoring" preserve="all" />
    <type fullname="SoundsContainer" preserve="all" />
    <type fullname="DamageProjectileAuthoring" preserve="all" />
    <type fullname="Animation" preserve="all" />
    <type fullname="AudioSourcesContainer" preserve="all" />
    <type fullname="StateDataAuthoring" preserve="all" />
    <type fullname="PistolBulletAuthoring" preserve="all" />
    <type fullname="EffectLinks" preserve="all" />
    <type fullname="EnemyAuthoring" preserve="all" />
    <type fullname="EffectsContainer" preserve="all" />
    <type fullname="SoundLinksScriptableObjects" preserve="all" />
    <type fullname="AmunationComponentAuthoring" preserve="all" />
    <type fullname="LifeComponentAuthoring" preserve="all" />
    <type fullname="AnimationComponentAuthoring" preserve="all" />
    <type fullname="AnimationsContainer" preserve="all" />
  </assembly>
  <assembly fullname="Unity.Entities.Hybrid, Version=0.0.0.0, Culture=neutral, PublicKeyToken=null">
    <type fullname="Unity.Entities.ConvertToEntity" preserve="all" />
  </assembly>
  <assembly fullname="Unity.Physics.Hybrid, Version=0.0.0.0, Culture=neutral, PublicKeyToken=null">
    <type fullname="Unity.Physics.Authoring.PhysicsBodyAuthoring" preserve="all" />
    <type fullname="Unity.Physics.Authoring.PhysicsShapeAuthoring" preserve="all" />
  </assembly>
  <assembly fullname="UnityEditor, Version=0.0.0.0, Culture=neutral, PublicKeyToken=null">
    <type fullname="UnityEditor.MonoScript" preserve="all" />
  </assembly>
  <assembly fullname="UnityEngine.VFXModule, Version=0.0.0.0, Culture=neutral, PublicKeyToken=null">
    <type fullname="UnityEngine.VFX.VFXRenderer" preserve="all" />
    <type fullname="UnityEngine.VFX.VisualEffectAsset" preserve="all" />
    <type fullname="UnityEngine.VFX.VisualEffect" preserve="all" />
  </assembly>
  <assembly fullname="Unity.ResourceManager, Version=0.0.0.0, Culture=neutral, PublicKeyToken=null" preserve="all">
    <type fullname="UnityEngine.ResourceManagement.ResourceProviders.LegacyResourcesProvider" preserve="all" />
    <type fullname="UnityEngine.ResourceManagement.ResourceProviders.AssetBundleProvider" preserve="all" />
    <type fullname="UnityEngine.ResourceManagement.ResourceProviders.BundledAssetProvider" preserve="all" />
    <type fullname="UnityEngine.ResourceManagement.ResourceProviders.InstanceProvider" preserve="all" />
    <type fullname="UnityEngine.ResourceManagement.ResourceProviders.SceneProvider" preserve="all" />
  </assembly>
  <assembly fullname="Unity.Addressables, Version=0.0.0.0, Culture=neutral, PublicKeyToken=null" preserve="all">
    <type fullname="UnityEngine.AddressableAssets.Addressables" preserve="all" />
  </assembly>
</linker>